name,collections
AK-47 | Searing Rage,The Fever Collection
AK-47 | The Oligarch,The Genesis Collection
AK-47 | The Outsiders,The Gallery Collection
AK-47 | Inheritance,The Kilowatt Collection
AK-47 | Hydroponic,The Rising Sun Collection
AK-47 | Cartel,The Chroma Collection
AK-47 | Case Hardened,The Arms Deal Collection
AK-47 | Phantom Disruptor,The Prisma 2 Collection
AK-47 | Neon Revolution,The Gamma 2 Collection
AK-47 | Legion of Anubis,The Fracture Collection
AK-47 | Asiimov,The Danger Zone Collection
AK-47 | Uncharted,The Prisma Collection
AK-47 | Redline,The Phoenix Collection
AK-47 | Ice Coaled,The Recoil Collection
AK-47 | Aquamarine Revenge,The Falchion Collection
AK-47 | Elite Build,The Chroma 2 Collection
AK-47 | Nightwish,The Dreams & Nightmares Collection
AK-47 | Point Disarray,The Revolver Case Collection
AK-47 | Vulcan,The Huntsman Collection
AK-47 | Frontside Misty,The Shadow Collection
AK-47 | Head Shot,The Revolution Collection
AK-47 | Wild Lotus,The St. Marc Collection
AK-47 | Panthera onca,The Ancient Collection
AK-47 | Neon Rider,The Horizon Collection
AK-47 | X-Ray,The Havoc Collection
AK-47 | Fire Serpent,The Bravo Collection
AK-47 | Crossfade,The Graphic Design Collection
AK-47 | First Class,The Baggage Collection
AK-47 | B the Monster,The Overpass 2024 Collection
AK-47 | Jaguar,The eSports 2014 Summer Collection
AK-47 | Emerald Pinstripe,The Bank Collection
AK-47 | Wasteland Rebel,The Vanguard Collection
AK-47 | Jet Set,The Baggage Collection
AK-47 | Leet Museo,The Operation Riptide Collection
AK-47 | Bloodsport,The Spectrum Collection
AK-47 | The Empress,The Spectrum 2 Collection
AK-47 | Gold Arabesque,The 2021 Dust 2 Collection
AK-47 | Rat Rod,The Shattered Web Collection
AK-47 | Slate,The Snakebite Collection
AK-47 | Steel Delta,The Anubis Collection
AK-47 | Fuel Injector,The Wildfire Collection
AK-47 | Orbit Mk01,The Operation Hydra Collection
AK-47 | Aphrodite,Limited Edition Item
AK-47 | Olive Polycam,The Sport & Field Collection
AK-47 | Blue Laminate,The eSports 2013 Winter Collection
AK-47 | Black Laminate,The Vertigo Collection
AK-47 | Green Laminate,The 2021 Vertigo Collection
AK-47 | Red Laminate,The eSports 2013 Collection
AK-47 | Safety Net,The 2018 Inferno Collection
AK-47 | Baroque Purple,The Canals Collection
AK-47 | Nouveau Rouge,The Radiant Collection
AK-47 | Breakthrough,The Achroma Collection
AK-47 | Midnight Laminate,The Ascent Collection
AK-47 | Wintergreen,The Boreal Collection
AK-47 | VariCamo Grey,The Boreal Collection
AK-47 | Safari Mesh,The Dust 2 Collection
AK-47 | Jungle Spray,The Aztec Collection
AK-47 | Predator,The Dust Collection
AUG | Amber Fade,The 2021 Train Collection
AUG | Death by Puppy,The CS20 Collection
AUG | Ricochet,The Revolver Case Collection
AUG | Midnight Lily,The St. Marc Collection
AUG | Random Access,The 2018 Nuke Collection
AUG | Surveillance,The Control Collection
AUG | Carved Jade,The Ancient Collection
AUG | Flame Jörmungandr,The Norse Collection
AUG | Anodized Navy,The Alpha Collection
AUG | Hot Rod,The Assault Collection
AUG | Steel Sentinel,The Train 2025 Collection
AUG | Luxe Trim,The Gallery Collection
AUG | Trigger Discipline,The Genesis Collection
AUG | Akihabara Accept,The Rising Sun Collection
AUG | Chameleon,The Phoenix Collection
AUG | Momentum,The Prisma Collection
AUG | Triqua,The Spectrum 2 Collection
AUG | Torque,The Huntsman Collection
AUG | Fleet Flock,The Chroma 3 Collection
AUG | Arctic Wolf,The Shattered Web Collection
AUG | Eye of Zapems,The Overpass 2024 Collection
AUG | Aristocrat,The Gamma Collection
AUG | Plague,The Operation Riptide Collection
AUG | Sand Storm,The 2021 Mirage Collection
AUG | Stymphalian,The Clutch Collection
AUG | Syd Mead,The Gamma 2 Collection
AUG | Tom Cat,The Prisma 2 Collection
AUG | Lil' Pig,The Graphic Design Collection
AUG | Amber Slipstream,The Horizon Collection
AUG | Copperhead,The Dust Collection
AUG | Spalted Wood,The 2021 Dust 2 Collection
AUG | Snake Pit,The Anubis Collection
AUG | Wings,The Arms Deal Collection
AUG | Commando Company,The Boreal Collection
AUG | Navy Murano,The Canals Collection
AUG | Bengal Tiger,The eSports 2014 Summer Collection
AUG | Contractor,The Italy Collection
AUG | Colony,The Mirage Collection
AUG | Storm,The Lake Collection
AUG | Creep,The Achroma Collection
AUG | Daedalus,The Gods and Monsters Collection
AUG | Condemned,The Safehouse Collection
AUG | Sweeper,The 2018 Inferno Collection
AUG | Radiation Hazard,The Cache Collection
AWP | Fade,The Control Collection
AWP | Man-o'-war,The Chroma Collection
AWP | PAW,The Horizon Collection
AWP | Graphite,The Bravo Collection
AWP | Lightning Strike,The Arms Deal Collection
AWP | Silk Tiger,The Havoc Collection
AWP | Worm God,The Chroma 2 Collection
AWP | Ice Coaled,The Genesis Collection
AWP | LongDog,The Train 2025 Collection
AWP | Printstream,The Fever Collection
AWP | Chrome Cannon,The Kilowatt Collection
AWP | Asiimov,The Phoenix Collection
AWP | Chromatic Aberration,The Recoil Collection
AWP | Redline,The Winter Offensive Collection
AWP | Oni Taiji,The Operation Hydra Collection
AWP | Hyper Beast,The Falchion Collection
AWP | Elite Build,The Wildfire Collection
AWP | Neo-Noir,The Danger Zone Collection
AWP | Fever Dream,The Spectrum Collection
AWP | Capillary,The Prisma 2 Collection
AWP | Atheris,The Prisma Collection
AWP | Containment Breach,The Shattered Web Collection
AWP | Wildfire,The CS20 Collection
AWP | Corticera,The eSports 2014 Summer Collection
AWP | Dragon Lore,The Cobblestone Collection
AWP | Medusa,The Gods and Monsters Collection
AWP | Crakow!,The Overpass 2024 Collection
AWP | Green Energy,The Boreal Collection
AWP | Mortis,The Clutch Collection
AWP | The Prince,The Canals Collection
AWP | Exoskeleton,The Operation Broken Fang Collection
AWP | Gungnir,The Norse Collection
AWP | Desert Hydra,The 2021 Mirage Collection
AWP | Duality,The Revolution Collection
AWP | Phobos,The Gamma Collection
AWP | Black Nile,The Anubis Collection
AWP | CMYK,The Graphic Design Collection
AWP | BOOM,The eSports 2013 Collection
AWP | Pink DDPAT,The Overpass Collection
AWP | Electric Hive,The eSports 2013 Winter Collection
AWP | Acheron,The 2018 Nuke Collection
AWP | Pit Viper,The Italy Collection
AWP | POP AWP,The 2021 Train Collection
AWP | Arsenic Spill,The Radiant Collection
AWP | Sun in Leo,The Gods and Monsters Collection
AWP | Exothermic,The Harlequin Collection
AWP | The End,The Achroma Collection
AWP | Safari Mesh,The Lake Collection
AWP | Snake Camo,The Dust Collection
PP-Bizon | Breaker Box,The 2021 Vertigo Collection
PP-Bizon | Carbon Fiber,The Vertigo Collection
PP-Bizon | Cobalt Halftone,The Winter Offensive Collection
PP-Bizon | Brass,The Dust 2 Collection
PP-Bizon | Rust Coat,The Alpha Collection
PP-Bizon | Osiris,The Breakout Collection
PP-Bizon | High Roller,The Spectrum 2 Collection
PP-Bizon | Antique,The Huntsman Collection
PP-Bizon | Photic Zone,The Wildfire Collection
PP-Bizon | Judgement of Anubis,The Chroma 3 Collection
PP-Bizon | Fuel Rod,The Revolver Case Collection
PP-Bizon | Night Riot,The Clutch Collection
PP-Bizon | Embargo,The Shattered Web Collection
PP-Bizon | Space Cat,The Dreams & Nightmares Collection
PP-Bizon | Lumen,The Operation Riptide Collection
PP-Bizon | Runic,The Fracture Collection
PP-Bizon | Harvester,The Gamma Collection
PP-Bizon | Bamboo Print,The Rising Sun Collection
PP-Bizon | Jungle Slipstream,The Spectrum Collection
PP-Bizon | Facility Sketch,The 2018 Nuke Collection
PP-Bizon | Modern Hunter,The Militia Collection
PP-Bizon | Anolis,The 2021 Mirage Collection
PP-Bizon | Death Rattle,The Havoc Collection
PP-Bizon | Blue Streak,The eSports 2014 Summer Collection
PP-Bizon | Night Ops,The Lake Collection
PP-Bizon | Water Sigil,The eSports 2013 Winter Collection
PP-Bizon | Wood Block Camo,The Radiant Collection
PP-Bizon | Bizoom,The Achroma Collection
PP-Bizon | Thermal Currents,The Harlequin Collection
PP-Bizon | Seabird,The St. Marc Collection
PP-Bizon | Chemical Green,The Cache Collection
PP-Bizon | Candy Apple,The 2018 Inferno Collection
PP-Bizon | Forest Leaves,The Militia Collection
PP-Bizon | Irradiated Alert,The Nuke Collection
PP-Bizon | Sand Dashed,The Italy Collection
PP-Bizon | Urban Dashed,The Train Collection
PP-Bizon | Cold Cell,The Sport & Field Collection
CZ75-Auto | Army Sheen,The Chop Shop Collection
CZ75-Auto | Copper Fiber,The Train 2025 Collection
CZ75-Auto | Emerald Quartz,The Norse Collection
CZ75-Auto | Polymer,The Glove Collection
CZ75-Auto | Tread Plate,The Arms Deal 3 Collection
CZ75-Auto | The Fuschia Is Now,The Arms Deal 3 Collection
CZ75-Auto | Twist,The Huntsman Collection
CZ75-Auto | Poison Dart,The Huntsman Collection
CZ75-Auto | Chalice,The Cobblestone Collection
CZ75-Auto | Emerald,The Chop Shop Collection
CZ75-Auto | Silver,The Ancient Collection
CZ75-Auto | Victoria,The Arms Deal 3 Collection
CZ75-Auto | Slalom,The Graphic Design Collection
CZ75-Auto | Tigris,The Breakout Collection
CZ75-Auto | Distressed,The Prisma 2 Collection
CZ75-Auto | Eco,The Horizon Collection
CZ75-Auto | Pole Position,The Chroma 2 Collection
CZ75-Auto | Circaetus,The Snakebite Collection
CZ75-Auto | Yellow Jacket,The Falchion Collection
CZ75-Auto | Tacticat,The Spectrum 2 Collection
CZ75-Auto | Imprint,The Gamma 2 Collection
CZ75-Auto | Vendetta,The Operation Broken Fang Collection
CZ75-Auto | Red Astor,The Chroma 3 Collection
CZ75-Auto | Xiangliu,The Spectrum Collection
CZ75-Auto | Syndicate,The 2021 Train Collection
CZ75-Auto | Hexane,The eSports 2014 Summer Collection
CZ75-Auto | Green Plaid,The Baggage Collection
CZ75-Auto | Framework,The 2021 Vertigo Collection
CZ75-Auto | Crimson Web,The Arms Deal 3 Collection
CZ75-Auto | Honey Paisley,The Harlequin Collection
CZ75-Auto | Indigo,The Canals Collection
CZ75-Auto | Nitro,The Overpass Collection
CZ75-Auto | Tuxedo,The Bank Collection
CZ75-Auto | Pink Pearl,The Radiant Collection
CZ75-Auto | Midnight Palm,The 2021 Mirage Collection
CZ75-Auto | Jungle Dashed,The Control Collection
Desert Eagle | Blaze,The Dust Collection
Desert Eagle | Hypnotic,The Arms Deal Collection
Desert Eagle | Bronze Deco,The Chroma 2 Collection
Desert Eagle | Meteorite,The Bank Collection
Desert Eagle | Cobalt Disruption,The eSports 2013 Winter Collection
Desert Eagle | Night Heist,The Havoc Collection
Desert Eagle | Emerald Jörmungandr,The Norse Collection
Desert Eagle | The Bronze,The Control Collection
Desert Eagle | Golden Koi,The Bravo Collection
Desert Eagle | Sunset Storm 壱,The Rising Sun Collection
Desert Eagle | Midnight Storm,The Rising Sun Collection
Desert Eagle | Sunset Storm 弐,The Rising Sun Collection
Desert Eagle | Heat Treated,Limited Edition Item
Desert Eagle | Corinthian,The Revolver Case Collection
Desert Eagle | Naga,The Chroma Collection
Desert Eagle | Directive,The Gamma 2 Collection
Desert Eagle | Kumicho Dragon,The Wildfire Collection
Desert Eagle | Heirloom,The Arms Deal 3 Collection
Desert Eagle | Hand Cannon,The Cobblestone Collection
Desert Eagle | Pilot,The Baggage Collection
Desert Eagle | Printstream,The Fracture Collection
Desert Eagle | Trigger Discipline,The Snakebite Collection
Desert Eagle | Conspiracy,The Breakout Collection
Desert Eagle | Ocean Drive,The Operation Riptide Collection
Desert Eagle | Blue Ply,The Prisma 2 Collection
Desert Eagle | Oxide Blaze,The Spectrum Collection
Desert Eagle | Starcade,The Graphic Design Collection
Desert Eagle | Tilted,The Overpass 2024 Collection
Desert Eagle | Calligraffiti,The Gallery Collection
Desert Eagle | Serpent Strike,The Fever Collection
Desert Eagle | Code Red,The Horizon Collection
Desert Eagle | Light Rail,The Prisma Collection
Desert Eagle | Fennec Fox,The 2021 Mirage Collection
Desert Eagle | Mecha Industries,The Danger Zone Collection
Desert Eagle | Mint Fan,The Ascent Collection
Desert Eagle | Urban DDPAT,The Overpass Collection
Desert Eagle | Mudder,The Lake Collection
Desert Eagle | Urban Rubble,The Train Collection
Desert Eagle | Crimson Web,The eSports 2014 Summer Collection
Desert Eagle | The Daily Deagle,The Achroma Collection
Desert Eagle | Night,The Chop Shop Collection
Desert Eagle | Mulberry,The Radiant Collection
Desert Eagle | Sputnik,The 2021 Train Collection
Dual Berettas | Cobalt Quartz,The Lake Collection
Dual Berettas | Heist,The Havoc Collection
Dual Berettas | Hemoglobin,The Arms Deal 2 Collection
Dual Berettas | Emerald,The Canals Collection
Dual Berettas | Anodized Navy,The Inferno Collection
Dual Berettas | Cartel,The Wildfire Collection
Dual Berettas | Stained,The Italy Collection
Dual Berettas | Flora Carnivora,The Recoil Collection
Dual Berettas | Twin Turbo,The 2018 Inferno Collection
Dual Berettas | Dualing Dragons,The Shadow Collection
Dual Berettas | Melondrama,The Dreams & Nightmares Collection
Dual Berettas | Urban Shock,The Chroma Collection
Dual Berettas | Sweet Little Angels,The Overpass 2024 Collection
Dual Berettas | Retribution,The Huntsman Collection
Dual Berettas | Black Limba,The Bravo Collection
Dual Berettas | Hideout,The Kilowatt Collection
Dual Berettas | Angel Eyes,The Genesis Collection
Dual Berettas | Hydro Strike,The Gallery Collection
Dual Berettas | Royal Consorts,The Glove Collection
Dual Berettas | Tread,The Operation Riptide Collection
Dual Berettas | Elite 1.6,The CS20 Collection
Dual Berettas | Dezastre,The Operation Broken Fang Collection
Dual Berettas | Balance,The Shattered Web Collection
Dual Berettas | Cobra Strike,The Operation Hydra Collection
Dual Berettas | Ventilators,The Chroma 3 Collection
Dual Berettas | Duelist,The Chop Shop Collection
Dual Berettas | Pyre,The Norse Collection
Dual Berettas | Marina,The Winter Offensive Collection
Dual Berettas | Switch Board,The Control Collection
Dual Berettas | Briar,The Cobblestone Collection
Dual Berettas | Moon in Libra,The Gods and Monsters Collection
Dual Berettas | Panther,The Arms Deal 3 Collection
Dual Berettas | Contractor,The Safehouse Collection
Dual Berettas | Colony,The Train Collection
Dual Berettas | Demolition,The Vertigo Collection
Dual Berettas | BorDeux,The Radiant Collection
Dual Berettas | Polished Malachite,The Boreal Collection
Dual Berettas | Silver Pour,The Achroma Collection
Dual Berettas | Rose Nacre,The Ascent Collection
Dual Berettas | Drift Wood,The 2021 Mirage Collection
Dual Berettas | Shred,The Horizon Collection
Dual Berettas | Oil Change,The 2021 Vertigo Collection
FAMAS | Faulty Wiring,The 2021 Vertigo Collection
FAMAS | Neural Net,The Falchion Collection
FAMAS | Meltdown,The 2021 Train Collection
FAMAS | Styx,The Cache Collection
FAMAS | Prime Conspiracy,The Control Collection
FAMAS | Dark Water,The Ancient Collection
FAMAS | Sergeant,The Phoenix Collection
FAMAS | Valence,The Wildfire Collection
FAMAS | Djinn,The Chroma 2 Collection
FAMAS | Afterimage,The eSports 2013 Winter Collection
FAMAS | Waters of Nephthys,The Anubis Collection
FAMAS | Survivor Z,The Shadow Collection
FAMAS | Decommissioned,The CS20 Collection
FAMAS | Eye of Athena,The Horizon Collection
FAMAS | Pulse,The Winter Offensive Collection
FAMAS | ZX Spectron,The Operation Riptide Collection
FAMAS | Bad Trip,The Fever Collection
FAMAS | Meow 36,The Recoil Collection
FAMAS | Commemoration,The CS20 Collection
FAMAS | Mecha Industries,The Glove Collection
FAMAS | Roll Cage,The Gamma 2 Collection
FAMAS | Rapid Eye Movement,The Dreams & Nightmares Collection
FAMAS | Half Sleeve,The Sport & Field Collection
FAMAS | 2A2F,The Train 2025 Collection
FAMAS | Halftone Wash,The Graphic Design Collection
FAMAS | Hexane,The Arms Deal 2 Collection
FAMAS | Doomkitty,The eSports 2013 Collection
FAMAS | Cyanospatter,The Lake Collection
FAMAS | CaliCamo,The 2021 Mirage Collection
FAMAS | Byproduct,The Harlequin Collection
FAMAS | Colony,The Italy Collection
FAMAS | Yeti Camo,The Ascent Collection
FAMAS | Vendetta,The Achroma Collection
FAMAS | Grey Ghost,The Radiant Collection
FAMAS | Crypsis,The Prisma Collection
FAMAS | Macabre,The Operation Hydra Collection
FAMAS | Night Borre,The Norse Collection
FAMAS | Teardown,The Safehouse Collection
FAMAS | Sundown,The St. Marc Collection
FAMAS | Spitfire,The Alpha Collection
FAMAS | Contrast Spray,The Office Collection
FAMAS | Palm,The Boreal Collection
Five-SeveN | Berries And Cherries,The Control Collection
Five-SeveN | Copper Galaxy,The Arms Deal 3 Collection
Five-SeveN | Silver Quartz,The Safehouse Collection
Five-SeveN | Anodized Gunmetal,The Alpha Collection
Five-SeveN | Fowl Play,The Breakout Collection
Five-SeveN | Heat Treated,The Sport & Field Collection
Five-SeveN | Scumbria,The Gamma 2 Collection
Five-SeveN | Case Hardened,The Arms Deal 2 Collection
Five-SeveN | Angry Mob,The Prisma Collection
Five-SeveN | Violent Daimyo,The Gamma Collection
Five-SeveN | Fairy Tale,The Operation Broken Fang Collection
Five-SeveN | Scrawl,The Dreams & Nightmares Collection
Five-SeveN | Triumvirate,The Wildfire Collection
Five-SeveN | Monkey Business,The Chroma 2 Collection
Five-SeveN | Buddy,The CS20 Collection
Five-SeveN | Hyper Beast,The Operation Hydra Collection
Five-SeveN | Retrobution,The Revolver Case Collection
Five-SeveN | Urban Hazard,The Vanguard Collection
Five-SeveN | Capillary,The Spectrum Collection
Five-SeveN | Fall Hazard,The 2021 Vertigo Collection
Five-SeveN | Hybrid,The Kilowatt Collection
Five-SeveN | Boost Protocol,The Operation Riptide Collection
Five-SeveN | Flame Test,The Clutch Collection
Five-SeveN | Crimson Blossom,The St. Marc Collection
Five-SeveN | Coolant,The 2018 Nuke Collection
Five-SeveN | Nightshade,The eSports 2013 Winter Collection
Five-SeveN | Forest Night,The Train Collection
Five-SeveN | Kami,The Winter Offensive Collection
Five-SeveN | Neon Kimono,The Rising Sun Collection
Five-SeveN | Midnight Paintover,The Overpass 2024 Collection
Five-SeveN | Hot Shot,The Cache Collection
Five-SeveN | Jungle,The Aztec Collection
Five-SeveN | Nitro,The Chop Shop Collection
Five-SeveN | Contractor,The Mirage Collection
Five-SeveN | Candy Apple,The Assault Collection
Five-SeveN | Sky Blue,The Ascent Collection
Five-SeveN | Fraise Crane,The Harlequin Collection
Five-SeveN | Autumn Thicket,The Radiant Collection
Five-SeveN | Withered Vine,The 2021 Dust 2 Collection
Five-SeveN | Orange Peel,The Dust 2 Collection
G3SG1 | Ancient Ritual,The Ancient Collection
G3SG1 | Murky,The Vanguard Collection
G3SG1 | Violet Murano,The Canals Collection
G3SG1 | Chronos,The Gods and Monsters Collection
G3SG1 | Black Sand,The Shattered Web Collection
G3SG1 | The Executioner,The Revolver Case Collection
G3SG1 | Dream Glade,The Dreams & Nightmares Collection
G3SG1 | Keeping Tabs,The Operation Riptide Collection
G3SG1 | High Seas,The Horizon Collection
G3SG1 | Hunter,The Spectrum 2 Collection
G3SG1 | Digital Mesh,The Operation Broken Fang Collection
G3SG1 | Flux,The Shadow Collection
G3SG1 | Scavenger,The Danger Zone Collection
G3SG1 | Ventilator,The Gamma 2 Collection
G3SG1 | Stinger,The Glove Collection
G3SG1 | Polar Camo,The Train Collection
G3SG1 | Arctic Camo,The Office Collection
G3SG1 | Demeter,The Bravo Collection
G3SG1 | Desert Storm,The Dust 2 Collection
G3SG1 | Orange Kimono,The Rising Sun Collection
G3SG1 | VariCamo,The Safehouse Collection
G3SG1 | Green Apple,The Bank Collection
G3SG1 | Contractor,The Baggage Collection
G3SG1 | Red Jasper,The Radiant Collection
G3SG1 | Orange Crash,The Chroma 3 Collection
G3SG1 | Green Cell,The Boreal Collection
G3SG1 | Safari Mesh,The Mirage Collection
G3SG1 | New Roots,The 2021 Dust 2 Collection
G3SG1 | Jungle Dashed,The Lake Collection
G3SG1 | Azure Zebra,The eSports 2013 Winter Collection
Galil AR | Amber Fade,The 2021 Dust 2 Collection
Galil AR | Aqua Terrace,The Rising Sun Collection
Galil AR | Blue Titanium,The eSports 2013 Winter Collection
Galil AR | Rainbow Spoon,The Sport & Field Collection
Galil AR | Cerberus,The Cache Collection
Galil AR | Chatterbox,The Chroma Collection
Galil AR | Black Sand,The Glove Collection
Galil AR | Sugar Rush,The Operation Hydra Collection
Galil AR | Chromatic Aberration,The Snakebite Collection
Galil AR | Destroyer,The Recoil Collection
Galil AR | Eco,The Chroma 2 Collection
Galil AR | Rocket Pop,The Falchion Collection
Galil AR | NV,The Graphic Design Collection
Galil AR | Sandstorm,The Winter Offensive Collection
Galil AR | Control,The Fever Collection
Galil AR | Stone Cold,The Shadow Collection
Galil AR | Connexion,The Fracture Collection
Galil AR | Vandal,The Operation Broken Fang Collection
Galil AR | Firefight,The Chroma 3 Collection
Galil AR | Shattered,The Bravo Collection
Galil AR | Orange DDPAT,The eSports 2013 Collection
Galil AR | Winter Forest,The Office Collection
Galil AR | Kami,The Huntsman Collection
Galil AR | Signal,The Danger Zone Collection
Galil AR | Cold Fusion,The 2018 Nuke Collection
Galil AR | Dusk Ruins,The Ancient Collection
Galil AR | VariCamo,The Safehouse Collection
Galil AR | Urban Rubble,The Chop Shop Collection
Galil AR | Sky Mandala,The Harlequin Collection
Galil AR | Acid Dart,The Boreal Collection
Galil AR | Green Apple,The Train 2025 Collection
Galil AR | Tuxedo,The Bank Collection
Galil AR | Tornado,The Norse Collection
Galil AR | Grey Smoke,The Ascent Collection
Galil AR | O-Ranger,The Radiant Collection
Galil AR | Robin's Egg,The Ascent Collection
Galil AR | Akoben,The Prisma Collection
Galil AR | CAUTION!,The 2021 Vertigo Collection
Galil AR | Crimson Tsunami,The Spectrum Collection
Galil AR | Hunting Blind,The Mirage Collection
Galil AR | Metallic Squeezer,The Overpass 2024 Collection
Galil AR | Phoenix Blacklight,The Havoc Collection
Galil AR | Sage Spray,The Lake Collection
Glock-18 | Fade,The Assault Collection
Glock-18 | Moonrise,The Clutch Collection
Glock-18 | High Beam,The 2018 Inferno Collection
Glock-18 | Twilight Galaxy,The Chop Shop Collection
Glock-18 | Steel Disruption,The eSports 2014 Summer Collection
Glock-18 | Dragon Tattoo,The Arms Deal Collection
Glock-18 | Gamma Doppler,The 2021 Train Collection
Glock-18 | Gamma Doppler,The 2021 Train Collection
Glock-18 | Gamma Doppler,The 2021 Train Collection
Glock-18 | Gamma Doppler,The 2021 Train Collection
Glock-18 | Gamma Doppler,The 2021 Train Collection
Glock-18 | Reactor,The Cache Collection
Glock-18 | Nuclear Garden,The 2018 Nuke Collection
Glock-18 | Brass,The Dust Collection
Glock-18 | Bunsen Burner,The Falchion Collection
Glock-18 | Grinder,The Vanguard Collection
Glock-18 | Ironwork,The Glove Collection
Glock-18 | Water Elemental,The Breakout Collection
Glock-18 | Oxide Blaze,The Danger Zone Collection
Glock-18 | Bullet Queen,The Prisma 2 Collection
Glock-18 | Weasel,The Gamma 2 Collection
Glock-18 | Catacombs,The Chroma Collection
Glock-18 | Vogue,The Fracture Collection
Glock-18 | Sacrifice,The CS20 Collection
Glock-18 | Off World,The Spectrum 2 Collection
Glock-18 | Umbral Rabbit,The Revolution Collection
Glock-18 | Neo-Noir,The Operation Broken Fang Collection
Glock-18 | Ramese's Reach,The Anubis Collection
Glock-18 | Snack Attack,The Operation Riptide Collection
Glock-18 | Wasteland Rebel,The Gamma Collection
Glock-18 | Franklin,The Havoc Collection
Glock-18 | Block-18,The Kilowatt Collection
Glock-18 | Gold Toof,The Gallery Collection
Glock-18 | Mirror Mosaic,The Genesis Collection
Glock-18 | Shinobu,The Fever Collection
Glock-18 | Green Line,The Train 2025 Collection
Glock-18 | Royal Legion,The Wildfire Collection
Glock-18 | Wraiths,The Shadow Collection
Glock-18 | Winterized,The Recoil Collection
Glock-18 | Clear Polymer,The Snakebite Collection
Glock-18 | Warhawk,The Horizon Collection
Glock-18 | AXIA,The Sport & Field Collection
Glock-18 | Trace Lock,The Achroma Collection
Glock-18 | Blue Fissure,The Arms Deal 3 Collection
Glock-18 | Pink DDPAT,The 2021 Mirage Collection
Glock-18 | Synth Leaf,The St. Marc Collection
Glock-18 | Death Rattle,The Bank Collection
Glock-18 | Teal Graf,The Overpass 2024 Collection
Glock-18 | Ocean Topo,The Ascent Collection
Glock-18 | Night,The Overpass Collection
Glock-18 | Groundwater,The Mirage Collection
Glock-18 | Candy Apple,The Italy Collection
Glock-18 | Sand Dune,The Alpha Collection
Glock-18 | Coral Bloom,The Radiant Collection
Glock-18 | Red Tire,The 2021 Vertigo Collection
Glock-18 | Glockingbird,The Boreal Collection
P2000 | Amber Fade,The Dust 2 Collection
P2000 | Space Race,The 2021 Train Collection
P2000 | Panther Camo,The Ancient Collection
P2000 | Chainmail,The Cobblestone Collection
P2000 | Dispatch,The Control Collection
P2000 | Ocean Foam,The Bravo Collection
P2000 | Imperial,The Revolver Case Collection
P2000 | Scorpion,The Dust Collection
P2000 | Silver,The Office Collection
P2000 | Acid Etched,The Prisma 2 Collection
P2000 | Handgun,The Falchion Collection
P2000 | Gnarled,The Fracture Collection
P2000 | Corticera,The eSports 2014 Summer Collection
P2000 | Coach Class,The Baggage Collection
P2000 | Wicked Sick,The Revolution Collection
P2000 | Fire Elemental,The Vanguard Collection
P2000 | Woodsman,The Operation Hydra Collection
P2000 | Ivory,The Breakout Collection
P2000 | Obsidian,The Shattered Web Collection
P2000 | Pulse,The Huntsman Collection
P2000 | Urban Hazard,The Clutch Collection
P2000 | Lifted Spirits,The Dreams & Nightmares Collection
P2000 | Turf,The Glove Collection
P2000 | Imperial Dragon,The Gamma Collection
P2000 | Coral Halftone,The Graphic Design Collection
P2000 | Granite Marbleized,The Italy Collection
P2000 | Oceanic,The Chroma 3 Collection
P2000 | Red FragCam,The Arms Deal 3 Collection
P2000 | Red Wing,The Genesis Collection
P2000 | Sure Grip,The Fever Collection
P2000 | Grassland,The Overpass Collection
P2000 | Grip Tape,The Achroma Collection
P2000 | Marsh,The Boreal Collection
P2000 | Pathfinder,The Gods and Monsters Collection
P2000 | Grassland Leaves,The Militia Collection
P2000 | Royal Baroque,The Ascent Collection
M249 | Aztec,The CS20 Collection
M249 | Magma,The Winter Offensive Collection
M249 | Deep Relief,The Operation Broken Fang Collection
M249 | Downtown,The Recoil Collection
M249 | Submerged,The Anubis Collection
M249 | System Lock,The Chroma Collection
M249 | Spectre,The Chroma 3 Collection
M249 | O.S.I.P.R.,The Snakebite Collection
M249 | Nebula Crusader,The Shadow Collection
M249 | Warbird,The Shattered Web Collection
M249 | Spectrogram,The Graphic Design Collection
M249 | Blizzard Marbleized,The Office Collection
M249 | Jungle DDPAT,The Alpha Collection
M249 | Shipping Forecast,The Gods and Monsters Collection
M249 | Sleet,The Achroma Collection
M249 | Sage Camo,The Boreal Collection
M249 | Hypnosis,The Gallery Collection
M249 | Jungle,The St. Marc Collection
M249 | Impact Drill,The Chop Shop Collection
M249 | Emerald Poison Dart,The Spectrum Collection
M249 | Gator Mesh,The Safehouse Collection
M249 | Humidor,The 2021 Mirage Collection
M249 | Midnight Palm,The 2021 Dust 2 Collection
M249 | Contrast Spray,The Overpass Collection
M249 | Predator,The Havoc Collection
M4A4 | Mainframe,The 2018 Nuke Collection
M4A4 | Daybreak,The Rising Sun Collection
M4A4 | Bullet Rain,The eSports 2014 Summer Collection
M4A4 | Global Offensive,The Control Collection
M4A4 | Asiimov,The Winter Offensive Collection
M4A4 | 龍王 (Dragon King),The Chroma Collection
M4A4 | Cyber Security,The Operation Broken Fang Collection
M4A4 | Desolate Space,The Gamma Collection
M4A4 | Poly Mag,The Recoil Collection
M4A4 | Evil Daimyo,The Falchion Collection
M4A4 | Griffin,The Vanguard Collection
M4A4 | Hellfire,The Operation Hydra Collection
M4A4 | In Living Color,The Snakebite Collection
M4A4 | Neo-Noir,The Clutch Collection
M4A4 | Tooth Fairy,The Fracture Collection
M4A4 | Temukau,The Revolution Collection
M4A4 | Hellish,The Train 2025 Collection
M4A4 | Poseidon,The Gods and Monsters Collection
M4A4 | Desert-Strike,The Huntsman Collection
M4A4 | X-Ray,The eSports 2013 Winter Collection
M4A4 | Spider Lily,The Operation Riptide Collection
M4A4 | Magnesium,The Danger Zone Collection
M4A4 | The Coalition,The 2021 Train Collection
M4A4 | The Emperor,The Prisma Collection
M4A4 | The Battlestar,The Wildfire Collection
M4A4 | Eye of Horus,The Anubis Collection
M4A4 | Royal Paladin,The Revolver Case Collection
M4A4 | Buzz Kill,The Glove Collection
M4A4 | Steel Work,The Radiant Collection
M4A4 | Urban DDPAT,The Train Collection
M4A4 | Red DDPAT,The 2021 Dust 2 Collection
M4A4 | Desert Storm,The Dust Collection
M4A4 | Modern Hunter,The Militia Collection
M4A4 | Converter,The 2018 Inferno Collection
M4A4 | Jungle Tiger,The Aztec Collection
M4A4 | Aeolian Dark,The Achroma Collection
M4A4 | Naval Shred Camo,The Ascent Collection
M4A4 | Turbine,The Gallery Collection
M4A4 | Choppa,The Fever Collection
M4A4 | Full Throttle,The Genesis Collection
M4A4 | Etch Lord,The Kilowatt Collection
M4A1-S | Fade,The Sport & Field Collection
M4A1-S | Moss Quartz,The Norse Collection
M4A1-S | Atomic Alloy,The Huntsman Collection
M4A1-S | Blue Phosphor,The Control Collection
M4A1-S | Knight,The Cobblestone Collection
M4A1-S | Dark Water,The Arms Deal Collection
M4A1-S | Hot Rod,The Chop Shop Collection
M4A1-S | Basilisk,The Vanguard Collection
M4A1-S | Guardian,The Winter Offensive Collection
M4A1-S | Master Piece,The Overpass Collection
M4A1-S | Flashback,The Glove Collection
M4A1-S | Hyper Beast,The Chroma 2 Collection
M4A1-S | Welcome to the Jungle,The Ancient Collection
M4A1-S | Player Two,The Prisma 2 Collection
M4A1-S | Cyrex,The Breakout Collection
M4A1-S | Emphorosaur-S,The Revolution Collection
M4A1-S | Briefing,The Operation Hydra Collection
M4A1-S | Nightmare,The Horizon Collection
M4A1-S | Printstream,The Operation Broken Fang Collection
M4A1-S | Chantico's Fire,The Chroma 3 Collection
M4A1-S | Stratosphere,The Ascent Collection
M4A1-S | Decimator,The Spectrum Collection
M4A1-S | Mecha Industries,The Gamma Collection
M4A1-S | Leaded Glass,The Spectrum 2 Collection
M4A1-S | Imminent Danger,The 2021 Vertigo Collection
M4A1-S | Night Terror,The Dreams & Nightmares Collection
M4A1-S | Mud-Spec,The Anubis Collection
M4A1-S | Control Panel,The 2018 Nuke Collection
M4A1-S | Golden Coil,The Shadow Collection
M4A1-S | Glitched Paint,The Radiant Collection
M4A1-S | Boreal Forest,The Italy Collection
M4A1-S | Rose Hex,The Radiant Collection
M4A1-S | Icarus Fell,The Gods and Monsters Collection
M4A1-S | Bright Water,The Bravo Collection
M4A1-S | Wash me plz,The Overpass 2024 Collection
M4A1-S | Blood Tiger,The Arms Deal 2 Collection
M4A1-S | VariCamo,The Dust 2 Collection
M4A1-S | Party Animal,The Harlequin Collection
M4A1-S | Black Lotus,The Kilowatt Collection
M4A1-S | Liquidation,The Genesis Collection
M4A1-S | Vaporwave,The Gallery Collection
M4A1-S | Nitro,The Safehouse Collection
M4A1-S | Solitude,Limited Edition Item
M4A1-S | Fizzy POP,The 2021 Train Collection
M4A4 | Tornado,The Inferno Collection
M4A4 | Polysoup,The Graphic Design Collection
M4A4 | Dark Blossom,The St. Marc Collection
M4A4 | Radiation Hazard,The Nuke Collection
M4A4 | Zirka,The Bravo Collection
M4A4 | Faded Zebra,The eSports 2013 Collection
M4A4 | Sheet Lightning,The Boreal Collection
MAC-10 | Fade,The Chop Shop Collection
MAC-10 | Amber Fade,The Mirage Collection
MAC-10 | Last Dive,The Spectrum Collection
MAC-10 | Gold Brick,The Ancient Collection
MAC-10 | Copper Borre,The Norse Collection
MAC-10 | Aloha,The Operation Hydra Collection
MAC-10 | Lapis Gator,The Wildfire Collection
MAC-10 | Malachite,The Chroma Collection
MAC-10 | Oceanic,The Spectrum 2 Collection
MAC-10 | Nuclear Garden,The Cache Collection
MAC-10 | Red Filigree,The Canals Collection
MAC-10 | Silver,The Bank Collection
MAC-10 | Graven,The Bravo Collection
MAC-10 | Carnivore,The Gamma Collection
MAC-10 | Case Hardened,The 2021 Dust 2 Collection
MAC-10 | Tatter,The Huntsman Collection
MAC-10 | Commuter,The Baggage Collection
MAC-10 | Rangeen,The Shadow Collection
MAC-10 | Curse,The Huntsman Collection
MAC-10 | Allure,The Fracture Collection
MAC-10 | Monkeyflage,The Recoil Collection
MAC-10 | Disco Tech,The Prisma 2 Collection
MAC-10 | Neon Rider,The Chroma 2 Collection
MAC-10 | Ensnared,The Dreams & Nightmares Collection
MAC-10 | Button Masher,The Snakebite Collection
MAC-10 | Propaganda,The 2021 Train Collection
MAC-10 | Heat,The Phoenix Collection
MAC-10 | Sakkaku,The Revolution Collection
MAC-10 | Echoing Sands,The Anubis Collection
MAC-10 | Toybox,The Operation Riptide Collection
MAC-10 | Pipsqueak,The Overpass 2024 Collection
MAC-10 | Calf Skin,The 2018 Inferno Collection
MAC-10 | Classic Crate,The CS20 Collection
MAC-10 | Pipe Down,The Danger Zone Collection
MAC-10 | Whitefish,The Prisma Collection
MAC-10 | Hot Snakes,The Havoc Collection
MAC-10 | Stalker,The Shattered Web Collection
MAC-10 | Urban DDPAT,The Vertigo Collection
MAC-10 | Strats,The 2021 Vertigo Collection
MAC-10 | Snow Splash,The Achroma Collection
MAC-10 | Acid Hex,The Boreal Collection
MAC-10 | Poplar Thicket,The Boreal Collection
MAC-10 | Light Box,The Kilowatt Collection
MAC-10 | Cat Fight,The Genesis Collection
MAC-10 | Saibā Oni,The Gallery Collection
MAC-10 | Derailment,The Train 2025 Collection
MAC-10 | Bronzer,The Radiant Collection
MAC-10 | Indigo,The Cobblestone Collection
MAC-10 | Ultraviolet,The eSports 2014 Summer Collection
MAC-10 | Candy Apple,The Train Collection
MAC-10 | Tornado,The Militia Collection
MAC-10 | Storm Camo,The Ascent Collection
MAC-10 | Sienna Damask,The 2021 Mirage Collection
MAC-10 | Palm,The Dust 2 Collection
MAC-10 | Surfwood,The St. Marc Collection
MAG-7 | Carbon Fiber,The Control Collection
MAG-7 | Chainmail,The Norse Collection
MAG-7 | Hard Water,The Operation Hydra Collection
MAG-7 | Sonar,The Glove Collection
MAG-7 | Navy Sheen,The 2021 Mirage Collection
MAG-7 | Metallic DDPAT,The Train Collection
MAG-7 | Silver,The Cobblestone Collection
MAG-7 | SWAG-7,The Clutch Collection
MAG-7 | Rust Coat,The 2018 Inferno Collection
MAG-7 | Heaven Guard,The Phoenix Collection
MAG-7 | Insomnia,The Revolution Collection
MAG-7 | Monster Call,The Fracture Collection
MAG-7 | Cobalt Core,The Shadow Collection
MAG-7 | Foresight,The Dreams & Nightmares Collection
MAG-7 | Heat,The Chroma 2 Collection
MAG-7 | Petroglyph,The Gamma 2 Collection
MAG-7 | BI83 Spectrum,The Operation Riptide Collection
MAG-7 | Cinquedea,The Canals Collection
MAG-7 | Copper Coated,The Anubis Collection
MAG-7 | Justice,The Prisma 2 Collection
MAG-7 | Popdog,The CS20 Collection
MAG-7 | Praetorian,The Wildfire Collection
MAG-7 | Counter Terrace,The Rising Sun Collection
MAG-7 | Prism Terrace,The 2021 Vertigo Collection
MAG-7 | Memento,The eSports 2013 Collection
MAG-7 | Core Breach,The 2018 Nuke Collection
MAG-7 | Resupply,The Fever Collection
MAG-7 | MAGnitude,The Genesis Collection
MAG-7 | Seabird,The Chop Shop Collection
MAG-7 | Copper Oxide,The Boreal Collection
MAG-7 | Sand Dune,The Inferno Collection
MAG-7 | Storm,The Overpass Collection
MAG-7 | Bulldozer,The Mirage Collection
MAG-7 | Wildwood,The Sport & Field Collection
MAG-7 | Hazard,The Alpha Collection
MAG-7 | Firestarter,The Vanguard Collection
MAG-7 | Irradiated Alert,The Nuke Collection
MP5-SD | Co-Processor,The 2018 Nuke Collection
MP5-SD | Desert Strike,The Prisma 2 Collection
MP5-SD | Liquidation,The Revolution Collection
MP5-SD | Condition Zero,The Operation Broken Fang Collection
MP5-SD | Acid Wash,The Shattered Web Collection
MP5-SD | Agent,The CS20 Collection
MP5-SD | Phosphor,The Danger Zone Collection
MP5-SD | Necro Jr.,The Dreams & Nightmares Collection
MP5-SD | Oxide Oasis,The 2021 Mirage Collection
MP5-SD | Gauss,The Prisma Collection
MP5-SD | Kitbash,The Fracture Collection
MP5-SD | Savannah Halftone,The Sport & Field Collection
MP5-SD | Bamboo Garden,The St. Marc Collection
MP5-SD | Lab Rats,The Blacksite Collection
MP5-SD | Autumn Twilly,The 2021 Train Collection
MP5-SD | Gold Leaf,The Boreal Collection
MP5-SD | Snow Splash,The Achroma Collection
MP5-SD | Statics,The Gallery Collection
MP5-SD | Focus,The Genesis Collection
MP5-SD | Nitro,The Control Collection
MP5-SD | Picnic,The Harlequin Collection
MP5-SD | Lime Hex,The Ascent Collection
MP5-SD | Neon Squeezer,The Overpass 2024 Collection
MP5-SD | Dirt Drop,The 2018 Inferno Collection
MP7 | Fade,The 2018 Inferno Collection
MP7 | Motherboard,The 2018 Nuke Collection
MP7 | Vault Heist,The Havoc Collection
MP7 | Ocean Foam,The eSports 2014 Summer Collection
MP7 | Anodized Navy,The Italy Collection
MP7 | Armor Core,The Chroma 2 Collection
MP7 | Urban Hazard,The Breakout Collection
MP7 | Special Delivery,The Shadow Collection
MP7 | Abyssal Apparition,The Dreams & Nightmares Collection
MP7 | Guerrilla,The Operation Riptide Collection
MP7 | Nemesis,The Falchion Collection
MP7 | Mischief,The Prisma Collection
MP7 | Neon Ply,The Shattered Web Collection
MP7 | Astrolabe,The Graphic Design Collection
MP7 | Cirrus,The Glove Collection
MP7 | Bloodsport,The Clutch Collection
MP7 | Sunbaked,The Anubis Collection
MP7 | Powercore,The Horizon Collection
MP7 | Forest DDPAT,The Bank Collection
MP7 | Tall Grass,The Ancient Collection
MP7 | Gunsmoke,The Overpass Collection
MP7 | Olive Plaid,The Baggage Collection
MP7 | Skulls,The Arms Deal Collection
MP7 | Full Stop,The Chop Shop Collection
MP7 | Coral Paisley,The Harlequin Collection
MP7 | Just Smile,The Kilowatt Collection
MP7 | Smoking Kills,The Genesis Collection
MP7 | Short Ochre,The Radiant Collection
MP7 | Groundwater,The Alpha Collection
MP7 | Whiteout,The Office Collection
MP7 | Teal Blossom,The St. Marc Collection
MP7 | Scorched,The Norse Collection
MP7 | Asterion,The Gods and Monsters Collection
MP7 | Impire,The Wildfire Collection
MP7 | Akoben,The Spectrum Collection
MP7 | Army Recon,The Safehouse Collection
MP7 | Orange Peel,The Mirage Collection
MP7 | Prey,The 2021 Dust 2 Collection
MP9 | Sand Scale,The Glove Collection
MP9 | Mount Fuji,The Operation Riptide Collection
MP9 | Pandora's Box,The Gods and Monsters Collection
MP9 | Hypnotic,The Arms Deal 2 Collection
MP9 | Army Sheen,The Control Collection
MP9 | Dark Age,The Cobblestone Collection
MP9 | Music Box,The 2021 Mirage Collection
MP9 | Bioleak,The Chroma 3 Collection
MP9 | Ruby Poison Dart,The Falchion Collection
MP9 | Stained Glass,The Canals Collection
MP9 | Rose Iron,The Winter Offensive Collection
MP9 | Hot Rod,The Mirage Collection
MP9 | Black Sand,The Clutch Collection
MP9 | Dart,The Vanguard Collection
MP9 | Deadly Poison,The Chroma Collection
MP9 | Food Chain,The Snakebite Collection
MP9 | Goo,The Spectrum 2 Collection
MP9 | Hydra,The CS20 Collection
MP9 | Wild Lily,The St. Marc Collection
MP9 | Latte Rush,The Train 2025 Collection
MP9 | Airlock,The Gamma 2 Collection
MP9 | Featherweight,The Revolution Collection
MP9 | Capillary,The Horizon Collection
MP9 | Arctic Tri-Tone,The Sport & Field Collection
MP9 | Modest Threat,The Danger Zone Collection
MP9 | Starlight Protector,The Dreams & Nightmares Collection
MP9 | Buff Blue,The Ascent Collection
MP9 | Multi-Terrain,The Radiant Collection
MP9 | Setting Sun,The Cache Collection
MP9 | Green Plaid,The Baggage Collection
MP9 | Slide,The 2018 Inferno Collection
MP9 | Cobalt Paisley,The Ascent Collection
MP9 | Shredded,The Radiant Collection
MP9 | Nexus,The Fever Collection
MP9 | Broken Record,The Genesis Collection
MP9 | Storm,The Overpass Collection
MP9 | Bulldozer,The Assault Collection
MP9 | Pine,The Boreal Collection
MP9 | Dizzy,The Achroma Collection
MP9 | Bee-Tron,The Harlequin Collection
MP9 | Old Roots,The 2021 Dust 2 Collection
MP9 | Dry Season,The Alpha Collection
MP9 | Orange Peel,The Safehouse Collection
MP9 | Sand Dashed,The Dust 2 Collection
Negev | Army Sheen,The Bank Collection
Negev | Man-o'-war,The Chroma 2 Collection
Negev | Anodized Navy,The Assault Collection
Negev | Bratatat,The eSports 2014 Summer Collection
Negev | Loudmouth,The Falchion Collection
Negev | Drop Me,The Recoil Collection
Negev | dev_texture,The Snakebite Collection
Negev | Power Loader,The Revolver Case Collection
Negev | Prototype,The Prisma 2 Collection
Negev | Desert-Strike,The Breakout Collection
Negev | Ultralight,The Fracture Collection
Negev | Wall Bang,The Overpass 2024 Collection
Negev | Mjölnir,The Norse Collection
Negev | Bulkhead,The 2018 Nuke Collection
Negev | Dazzle,The Gamma 2 Collection
Negev | Phoenix Stencil,The Havoc Collection
Negev | CaliCamo,The Mirage Collection
Negev | Boroque Sand,The Canals Collection
Negev | Infrastructure,The 2021 Vertigo Collection
Negev | Raw Ceramic,The Boreal Collection
Negev | Sour Grapes,The Ascent Collection
Negev | Lionfish,The Clutch Collection
Negev | Terrain,The Phoenix Collection
Negev | Nuclear Waste,The Cache Collection
Negev | Palm,The Alpha Collection
Nova | Army Sheen,The Ancient Collection
Nova | Graphite,The Arms Deal 2 Collection
Nova | Red Quartz,The 2021 Train Collection
Nova | Gila,The Glove Collection
Nova | Caged Steel,The Bank Collection
Nova | Baroque Orange,The Canals Collection
Nova | Exo,The Gamma Collection
Nova | Rust Coat,The Havoc Collection
Nova | Antique,The Phoenix Collection
Nova | Plume,The Shattered Web Collection
Nova | Hyper Beast,The Wildfire Collection
Nova | Koi,The Breakout Collection
Nova | Clear Polymer,The Operation Broken Fang Collection
Nova | Ranger,The Falchion Collection
Nova | Toy Soldier,The Horizon Collection
Nova | Wurst Hölle,The Overpass 2024 Collection
Nova | Rising Skull,The Winter Offensive Collection
Nova | Bloomstick,The eSports 2014 Summer Collection
Nova | Walnut,The Inferno Collection
Nova | Wild Six,The Clutch Collection
Nova | Wood Fired,The Danger Zone Collection
Nova | Sobek's Bite,The Anubis Collection
Nova | Yorkshire,The Sport & Field Collection
Nova | Mandrel,The 2018 Nuke Collection
Nova | Blaze Orange,The Militia Collection
Nova | Modern Hunter,The Militia Collection
Nova | Tempest,The Bravo Collection
Nova | Quick Sand,The 2021 Dust 2 Collection
Nova | Interlock,The 2021 Vertigo Collection
Nova | Moon in Libra,The Gods and Monsters Collection
Nova | Currents,The Achroma Collection
Nova | Dark Sigil,The Kilowatt Collection
Nova | Ocular,The Genesis Collection
Nova | Rising Sun,The Fever Collection
Nova | Green Apple,The Cobblestone Collection
Nova | Candy Apple,The Italy Collection
Nova | Sand Dune,The Italy Collection
Nova | Turquoise Pour,The Ascent Collection
Nova | Marsh Grass,The Radiant Collection
Nova | Ghost Camo,The eSports 2013 Winter Collection
Nova | Forest Leaves,The Aztec Collection
Nova | Polar Mesh,The Train Collection
Nova | Windblown,The Snakebite Collection
Nova | Predator,The Dust 2 Collection
Nova | Rain Station,The Train 2025 Collection
P250 | Nevermore,The Danger Zone Collection
P250 | Digital Architect,The 2021 Vertigo Collection
P250 | Steel Disruption,The eSports 2013 Winter Collection
P250 | Undertow,The Arms Deal 3 Collection
P250 | Ripple,The Spectrum Collection
P250 | Dark Filigree,The Canals Collection
P250 | Metallic DDPAT,The Train Collection
P250 | Cartel,The Vanguard Collection
P250 | Valence,The Chroma 2 Collection
P250 | Verdigris,The Prisma Collection
P250 | Constructivist,The Train 2025 Collection
P250 | Supernova,The Breakout Collection
P250 | Franklin,The Bank Collection
P250 | Asiimov,The Chroma 3 Collection
P250 | Red Rock,The Operation Hydra Collection
P250 | Cassette,The Fracture Collection
P250 | See Ya Later,The Spectrum 2 Collection
P250 | Contaminant,The Operation Broken Fang Collection
P250 | Muertos,The Chroma Collection
P250 | Re.built,The Revolution Collection
P250 | Mehndi,The Winter Offensive Collection
P250 | X-Ray,The X-Ray Collection
P250 | Apep's Curse,The Anubis Collection
P250 | Vino Primo,The 2018 Inferno Collection
P250 | Cyber Shell,The Snakebite Collection
P250 | Inferno,The CS20 Collection
P250 | Iron Clad,The Gamma Collection
P250 | Visions,The Recoil Collection
P250 | Facility Draft,The 2018 Nuke Collection
P250 | Facets,The Alpha Collection
P250 | Black & Tan,The 2021 Dust 2 Collection
P250 | Exchanger,The 2018 Nuke Collection
P250 | Boreal Forest,The Lake Collection
P250 | Forest Night,The Control Collection
P250 | Gunsmoke,The Inferno Collection
P250 | Modern Hunter,The Militia Collection
P250 | Crimson Kimono,The Rising Sun Collection
P250 | Contamination,The Cache Collection
P250 | Wingshot,The Shadow Collection
P250 | Bengal Tiger,The Havoc Collection
P250 | Hive,The Arms Deal 2 Collection
P250 | Sleet,The Achroma Collection
P250 | Red Tide,The Radiant Collection
P250 | Bullfrog,The Genesis Collection
P250 | Epicenter,The Gallery Collection
P250 | Copper Oxide,The Boreal Collection
P250 | Sand Dune,The Dust 2 Collection
P250 | Whiteout,The Chop Shop Collection
P250 | Small Game,The Sport & Field Collection
P250 | Sedimentary,The Radiant Collection
P250 | Drought,The 2021 Mirage Collection
P250 | Mint Kimono,The Rising Sun Collection
P250 | Plum Netting,The Ascent Collection
P250 | Nuclear Threat,The Nuke Collection
P250 | Splash,The eSports 2013 Collection
P250 | Bone Mask,The Mirage Collection
P90 | Ancient Earth,The Ancient Collection
P90 | Astral Jörmungandr,The Norse Collection
P90 | Cold Blooded,The Arms Deal 2 Collection
P90 | Tiger Pit,The Havoc Collection
P90 | Baroque Red,The Canals Collection
P90 | Module,The Huntsman Collection
P90 | Leather,The Baggage Collection
P90 | Death by Kitty,The eSports 2013 Collection
P90 | Emerald Dragon,The Bravo Collection
P90 | Run and Hide,The Ancient Collection
P90 | Asiimov,The Breakout Collection
P90 | Grim,The Gamma 2 Collection
P90 | Elite Build,The Falchion Collection
P90 | Nostalgia,The CS20 Collection
P90 | Off World,The Prisma Collection
P90 | ScaraB Rush,The Anubis Collection
P90 | Desert Warfare,The Huntsman Collection
P90 | Shapewood,The Revolver Case Collection
P90 | Trigon,The Phoenix Collection
P90 | Attack Vector,The Graphic Design Collection
P90 | Freight,The Fracture Collection
P90 | Chopper,The Gamma Collection
P90 | Neoqueen,The Revolution Collection
P90 | Shallow Grave,The Glove Collection
P90 | Vent Rush,The Recoil Collection
P90 | Traction,The Horizon Collection
P90 | Desert Halftone,The Radiant Collection
P90 | Facility Negative,The 2018 Nuke Collection
P90 | Desert DDPAT,The 2021 Dust 2 Collection
P90 | Blind Spot,The eSports 2013 Winter Collection
P90 | Death Grip,The Operation Hydra Collection
P90 | Cocoa Rampage,The Operation Broken Fang Collection
P90 | Blue Tac,The Ascent Collection
P90 | Schematic,The 2021 Vertigo Collection
P90 | Virus,The eSports 2014 Summer Collection
P90 | Aeolian Light,The Achroma Collection
P90 | Reef Grief,The Ascent Collection
P90 | Mustard Gas,The Boreal Collection
P90 | Wave Breaker,The Fever Collection
P90 | Randy Rush,The Gallery Collection
P90 | Straight Dimes,The Train 2025 Collection
P90 | Storm,The Cobblestone Collection
P90 | Sunset Lily,The St. Marc Collection
P90 | Scorched,The Mirage Collection
P90 | Glacier Mesh,The Vertigo Collection
P90 | Teardown,The Lake Collection
P90 | Verdant Growth,The 2021 Mirage Collection
P90 | Fallout Warning,The Nuke Collection
P90 | Wash me,The Overpass 2024 Collection
P90 | Sand Spray,The Dust 2 Collection
P90 | Ash Wood,The Train Collection
R8 Revolver | Amber Fade,The Dust 2 Collection
R8 Revolver | Fade,The Revolver Case Collection
R8 Revolver | Blaze,The 2021 Train Collection
R8 Revolver | Phoenix Marker,The Havoc Collection
R8 Revolver | Leafhopper,The Boreal Collection
R8 Revolver | Reboot,The Gamma Collection
R8 Revolver | Survivalist,The Horizon Collection
R8 Revolver | Skull Crusher,The Prisma Collection
R8 Revolver | Banana Cannon,The Revolution Collection
R8 Revolver | Bone Forged,The Prisma 2 Collection
R8 Revolver | Llama Cannon,The Spectrum 2 Collection
R8 Revolver | Memento,The Shattered Web Collection
R8 Revolver | Junk Yard,The Snakebite Collection
R8 Revolver | Inlay,The Anubis Collection
R8 Revolver | Crazy 8,The Recoil Collection
R8 Revolver | Grip,The Clutch Collection
R8 Revolver | Desert Brush,The 2021 Dust 2 Collection
R8 Revolver | Crimson Web,The Revolver Case Collection
R8 Revolver | Tango,The Gallery Collection
R8 Revolver | Night,The Ancient Collection
R8 Revolver | Nitro,The 2018 Inferno Collection
R8 Revolver | Mauve Aside,The Harlequin Collection
R8 Revolver | Cobalt Grip,The Ascent Collection
R8 Revolver | Dark Chamber,The Achroma Collection
R8 Revolver | Canal Spray,The Canals Collection
R8 Revolver | Bone Mask,The Bank Collection
Sawed-Off | Amber Fade,The Train Collection
Sawed-Off | Brake Light,The 2018 Inferno Collection
Sawed-Off | Copper,The Dust Collection
Sawed-Off | Morris,The Spectrum 2 Collection
Sawed-Off | Highwayman,The Vanguard Collection
Sawed-Off | Zander,The Spectrum Collection
Sawed-Off | Rust Coat,The Cobblestone Collection
Sawed-Off | First Class,The Baggage Collection
Sawed-Off | Limelight,The Gamma Collection
Sawed-Off | Apocalypto,The Prisma 2 Collection
Sawed-Off | Black Sand,The Danger Zone Collection
Sawed-Off | Serenity,The Chroma Collection
Sawed-Off | Devourer,The Horizon Collection
Sawed-Off | Kiss♥Love,The Recoil Collection
Sawed-Off | The Kraken,The Winter Offensive Collection
Sawed-Off | Origami,The Chroma 2 Collection
Sawed-Off | Spirit Board,The Dreams & Nightmares Collection
Sawed-Off | Wasteland Princess,The Glove Collection
Sawed-Off | Fubar,The Chroma 3 Collection
Sawed-Off | Yorick,The Revolver Case Collection
Sawed-Off | Runoff,The Ascent Collection
Sawed-Off | Mosaico,The Alpha Collection
Sawed-Off | Bamboo Shadow,The Rising Sun Collection
Sawed-Off | Forest DDPAT,The Bank Collection
Sawed-Off | Orange DDPAT,The eSports 2013 Collection
Sawed-Off | Parched,The 2021 Dust 2 Collection
Sawed-Off | Clay Ambush,The Havoc Collection
Sawed-Off | Full Stop,The Italy Collection
Sawed-Off | Crimson Batik,The Harlequin Collection
Sawed-Off | Analog Input,The Kilowatt Collection
Sawed-Off | Irradiated Alert,The Nuke Collection
Sawed-Off | Jungle Thicket,The St. Marc Collection
Sawed-Off | Snake Camo,The Dust 2 Collection
Sawed-Off | Sage Spray,The Overpass Collection
SCAR-20 | Army Sheen,The Chop Shop Collection
SCAR-20 | Carbon Fiber,The Train Collection
SCAR-20 | Emerald,The Alpha Collection
SCAR-20 | Brass,The Norse Collection
SCAR-20 | Grotto,The Chroma Collection
SCAR-20 | Blueprint,The Spectrum Collection
SCAR-20 | Wild Berry,The Graphic Design Collection
SCAR-20 | Cardiac,The Vanguard Collection
SCAR-20 | Assault,The CS20 Collection
SCAR-20 | Cyrex,The Huntsman Collection
SCAR-20 | Bloodsport,The Gamma Collection
SCAR-20 | Enforcer,The Prisma 2 Collection
SCAR-20 | Green Marine,The Shadow Collection
SCAR-20 | Powercore,The Gamma 2 Collection
SCAR-20 | Fragments,The Revolution Collection
SCAR-20 | Magna Carta,The Control Collection
SCAR-20 | Stone Mosaico,The Canals Collection
SCAR-20 | Splash Jam,The Militia Collection
SCAR-20 | Jungle Slipstream,The Spectrum 2 Collection
SCAR-20 | Outbreak,The Revolver Case Collection
SCAR-20 | Crimson Web,The Arms Deal 2 Collection
SCAR-20 | Zinc,The Achroma Collection
SCAR-20 | Trail Blazer,The Gallery Collection
SCAR-20 | Caged,The Genesis Collection
SCAR-20 | Short Ochre,The Radiant Collection
SCAR-20 | Contractor,The Safehouse Collection
SCAR-20 | Storm,The Cobblestone Collection
SCAR-20 | Sand Mesh,The Dust 2 Collection
SCAR-20 | Palm,The Dust Collection
SCAR-20 | Torn,The Shattered Web Collection
SCAR-20 | Poultrygeist,The Dreams & Nightmares Collection
SG 553 | Desert Blossom,The 2021 Mirage Collection
SG 553 | Lush Ruins,The Ancient Collection
SG 553 | Hypnotic,The Havoc Collection
SG 553 | Army Sheen,The Bank Collection
SG 553 | Anodized Navy,The Lake Collection
SG 553 | Damascus Steel,The Dust 2 Collection
SG 553 | Traveler,The Baggage Collection
SG 553 | Aerial,The Gamma Collection
SG 553 | Atlas,The Chroma 3 Collection
SG 553 | Hazard Pay,The 2021 Vertigo Collection
SG 553 | Dragon Tech,The Recoil Collection
SG 553 | Cyberforce,The Revolution Collection
SG 553 | Cyrex,The Falchion Collection
SG 553 | Darkwing,The Prisma 2 Collection
SG 553 | Pulse,The Phoenix Collection
SG 553 | Integrale,The 2018 Inferno Collection
SG 553 | Colony IV,The Shattered Web Collection
SG 553 | Triarch,The Gamma 2 Collection
SG 553 | Berry Gel Coat,The Graphic Design Collection
SG 553 | Heavy Metal,The Snakebite Collection
SG 553 | Danger Close,The Danger Zone Collection
SG 553 | Phantom,The Spectrum 2 Collection
SG 553 | Ol' Rusty,The Fracture Collection
SG 553 | Tiger Moth,The Revolver Case Collection
SG 553 | Basket Halftone,The Radiant Collection
SG 553 | Safari Print,The Harlequin Collection
SG 553 | Ultraviolet,The Arms Deal Collection
SG 553 | Candy Apple,The Canals Collection
SG 553 | Tornado,The Assault Collection
SG 553 | Bulldozer,The Chop Shop Collection
SG 553 | Night Camo,The Ascent Collection
SG 553 | Barricade,The Norse Collection
SG 553 | Bleached,The 2021 Dust 2 Collection
SG 553 | Gator Mesh,The Mirage Collection
SG 553 | Fallout Warning,The Cache Collection
SG 553 | Aloha,The Clutch Collection
SG 553 | Wave Spray,The Bravo Collection
SG 553 | Waves Perforated,The Lake Collection
SSG 08 | Acid Fade,The Safehouse Collection
SSG 08 | Carbon Fiber,The 2021 Vertigo Collection
SSG 08 | Threat Detected,The Control Collection
SSG 08 | Dark Water,The eSports 2014 Summer Collection
SSG 08 | Abyss,The Breakout Collection
SSG 08 | Blood in the Water,The Arms Deal 2 Collection
SSG 08 | Parallax,The Operation Broken Fang Collection
SSG 08 | Death's Head,The Operation Hydra Collection
SSG 08 | Dragonfire,The Glove Collection
SSG 08 | Fever Dream,The Prisma 2 Collection
SSG 08 | Slashed,The Huntsman Collection
SSG 08 | Mainframe 001,The Fracture Collection
SSG 08 | Necropos,The Wildfire Collection
SSG 08 | Death Strike,The 2021 Dust 2 Collection
SSG 08 | Big Iron,The Shadow Collection
SSG 08 | Bloodshot,The Shattered Web Collection
SSG 08 | Turbo Peek,The Operation Riptide Collection
SSG 08 | Azure Glyph,The Anubis Collection
SSG 08 | Ghost Crusader,The Chroma 3 Collection
SSG 08 | Hand Brake,The 2018 Inferno Collection
SSG 08 | Zeno,The Sport & Field Collection
SSG 08 | Calligrafaux,The Harlequin Collection
SSG 08 | Halftone Whorl,The Graphic Design Collection
SSG 08 | Sea Calico,The St. Marc Collection
SSG 08 | Mayan Dreams,The Alpha Collection
SSG 08 | Orange Filigree,The Canals Collection
SSG 08 | Detour,The Overpass Collection
SSG 08 | Spring Twilly,The 2021 Train Collection
SSG 08 | Sans Comic,The Achroma Collection
SSG 08 | Tiger Tear,The Boreal Collection
SSG 08 | Green Ceramic,The Boreal Collection
SSG 08 | Blue Spruce,The Safehouse Collection
SSG 08 | Red Stone,The Norse Collection
SSG 08 | Sand Dune,The Baggage Collection
SSG 08 | Grey Smoke,The Ascent Collection
SSG 08 | Blush Pour,The Radiant Collection
SSG 08 | Tropical Storm,The Mirage Collection
SSG 08 | Lichen Dashed,The Aztec Collection
SSG 08 | Jungle Dashed,The Ancient Collection
SSG 08 | Prey,The 2021 Mirage Collection
SSG 08 | Memorial,The Fever Collection
SSG 08 | Dezastre,The Kilowatt Collection
SSG 08 | Rapid Transit,The Gallery Collection
Zeus x27 | Dragon Snore,The Overpass 2024 Collection
Zeus x27 | Swamp DDPAT,The Boreal Collection
Zeus x27 | Earth Mandala,The Harlequin Collection
Zeus x27 | Electric Blue,The Ascent Collection
Zeus x27 | Charged Up,The Train 2025 Collection
Zeus x27 | Olympus,The Kilowatt Collection
Zeus x27 | Tosai,The Fever Collection
Tec-9 | Red Quartz,The Train Collection
Tec-9 | Titanium Bit,The Arms Deal 3 Collection
Tec-9 | Ossified,The Aztec Collection
Tec-9 | Re-Entry,The Chroma 3 Collection
Tec-9 | Ice Cap,The Gamma Collection
Tec-9 | Blue Titanium,The Arms Deal 2 Collection
Tec-9 | Brass,The Inferno Collection
Tec-9 | Cut Out,The Operation Hydra Collection
Tec-9 | Isaac,The Huntsman Collection
Tec-9 | Avalanche,The Revolver Case Collection
Tec-9 | Bamboozle,The Prisma Collection
Tec-9 | Cracked Opal,The Spectrum 2 Collection
Tec-9 | Flash Out,The CS20 Collection
Tec-9 | Rebel,The Revolution Collection
Tec-9 | Mummy's Rot,The Anubis Collection
Tec-9 | Sandstorm,The Phoenix Collection
Tec-9 | Snek-9,The Horizon Collection
Tec-9 | Decimator,The Shattered Web Collection
Tec-9 | Remote Control,The 2018 Nuke Collection
Tec-9 | Fubar,The Danger Zone Collection
Tec-9 | Brother,The Fracture Collection
Tec-9 | Jambiya,The Wildfire Collection
Tec-9 | Fuel Injector,The Gamma 2 Collection
Tec-9 | Blast From the Past,The Ancient Collection
Tec-9 | Bamboo Forest,The Rising Sun Collection
Tec-9 | Urban DDPAT,The Bank Collection
Tec-9 | Terrace,The Rising Sun Collection
Tec-9 | Hades,The Gods and Monsters Collection
Tec-9 | Safety Net,The 2021 Train Collection
Tec-9 | Orange Murano,The Canals Collection
Tec-9 | Toxic,The Cache Collection
Tec-9 | Phoenix Chalk,The Havoc Collection
Tec-9 | VariCamo,The Dust 2 Collection
Tec-9 | Banana Leaf,The Harlequin Collection
Tec-9 | Raw Ceramic,The Boreal Collection
Tec-9 | Groundwater,The Italy Collection
Tec-9 | Blue Blast,The Ascent Collection
Tec-9 | Tornado,The Alpha Collection
Tec-9 | Whiteout,The Train 2025 Collection
Tec-9 | Tiger Stencil,The Sport & Field Collection
Tec-9 | Garter-9,The Boreal Collection
Tec-9 | Citric Acid,The Radiant Collection
Tec-9 | Rust Leaf,The St. Marc Collection
Tec-9 | Army Mesh,The Safehouse Collection
Tec-9 | Nuclear Threat,The Nuke Collection
Tec-9 | Slag,The Kilowatt Collection
UMP-45 | Mechanism,The 2021 Vertigo Collection
UMP-45 | Fade,The 2021 Dust 2 Collection
UMP-45 | Blaze,The Mirage Collection
UMP-45 | Moonrise,The Prisma Collection
UMP-45 | Carbon Fiber,The Bank Collection
UMP-45 | Oscillator,The Snakebite Collection
UMP-45 | Grand Prix,The Chroma 2 Collection
UMP-45 | Metal Flowers,The Operation Hydra Collection
UMP-45 | Minotaur's Labyrinth,The Gods and Monsters Collection
UMP-45 | Briefing,The Gamma 2 Collection
UMP-45 | Primal Saber,The Chroma 3 Collection
UMP-45 | Riot,The Falchion Collection
UMP-45 | Arctic Wolf,The Clutch Collection
UMP-45 | Exposure,The Spectrum 2 Collection
UMP-45 | Momentum,The Danger Zone Collection
UMP-45 | Plastique,The CS20 Collection
UMP-45 | Wild Child,The Revolution Collection
UMP-45 | Corporal,The Phoenix Collection
UMP-45 | Crime Scene,The Control Collection
UMP-45 | Scaffold,The Spectrum Collection
UMP-45 | Gold Bismuth,The Operation Broken Fang Collection
UMP-45 | Roadblock,The Recoil Collection
UMP-45 | Crimson Foil,The Sport & Field Collection
UMP-45 | Day Lily,The St. Marc Collection
UMP-45 | Facility Dark,The 2018 Nuke Collection
UMP-45 | Urban DDPAT,The Train Collection
UMP-45 | Gunsmoke,The Italy Collection
UMP-45 | Houndstooth,The Havoc Collection
UMP-45 | Labyrinth,The Breakout Collection
UMP-45 | Mudder,The 2018 Inferno Collection
UMP-45 | Full Stop,The 2021 Train Collection
UMP-45 | Warm Blooded,The Harlequin Collection
UMP-45 | Caramel,The Assault Collection
UMP-45 | Indigo,The Cobblestone Collection
UMP-45 | Green Swirl,The Boreal Collection
UMP-45 | Scorched,The Overpass Collection
UMP-45 | Fallout Warning,The Nuke Collection
UMP-45 | Bone Pile,The Bravo Collection
UMP-45 | Delusion,The Vanguard Collection
UMP-45 | Motorized,The Kilowatt Collection
UMP-45 | Continuum,The Genesis Collection
UMP-45 | Neo-Noir,The Gallery Collection
UMP-45 | K.O. Factory,The Fever Collection
UMP-45 | Late Night Transit,The Train 2025 Collection
USP-S | Purple DDPAT,The 2021 Mirage Collection
USP-S | Serum,The Arms Deal 2 Collection
USP-S | Target Acquired,The Control Collection
USP-S | Orange Anolis,The 2021 Dust 2 Collection
USP-S | Dark Water,The Arms Deal Collection
USP-S | Stainless,The Arms Deal 3 Collection
USP-S | Caiman,The Huntsman Collection
USP-S | Business Class,The Baggage Collection
USP-S | Black Lotus,The Operation Riptide Collection
USP-S | Cortex,The Clutch Collection
USP-S | Cyrex,The Glove Collection
USP-S | Guardian,The Phoenix Collection
USP-S | Flashback,The Danger Zone Collection
USP-S | Kill Confirmed,The Shadow Collection
USP-S | Monster Mashup,The Operation Broken Fang Collection
USP-S | Printstream,The Recoil Collection
USP-S | Torque,The Falchion Collection
USP-S | Road Rash,The Overpass Collection
USP-S | Orion,The Huntsman Collection
USP-S | Ticket to Hell,The Dreams & Nightmares Collection
USP-S | Blueprint,The Operation Hydra Collection
USP-S | Neo-Noir,The Spectrum Collection
USP-S | Lead Conduit,The Wildfire Collection
USP-S | The Traitor,The Snakebite Collection
USP-S | Desert Tactical,The Anubis Collection
USP-S | Alpine Camo,The Sport & Field Collection
USP-S | Bleeding Edge,The Radiant Collection
USP-S | Royal Blue,The Cobblestone Collection
USP-S | Blood Tiger,The eSports 2014 Summer Collection
USP-S | Overgrowth,The Bravo Collection
USP-S | Night Ops,The Lake Collection
USP-S | Para Green,The Chop Shop Collection
USP-S | Whiteout,The 2021 Train Collection
USP-S | Royal Guard,The Ascent Collection
USP-S | Sleeping Potion,The Harlequin Collection
USP-S | Tropical Breeze,The Boreal Collection
USP-S | Ancient Visions,The Ancient Collection
USP-S | Pathfinder,The Norse Collection
USP-S | Forest Leaves,The Safehouse Collection
USP-S | Check Engine,The 2018 Inferno Collection
USP-S | 27,The Gallery Collection
USP-S | PC-GRN,The Fever Collection
USP-S | Jawbreaker,The Kilowatt Collection
XM1014 | Ancient Lore,The Ancient Collection
XM1014 | Charter,The Control Collection
XM1014 | Frost Borre,The Norse Collection
XM1014 | Elegant Vines,The 2021 Mirage Collection
XM1014 | Bone Machine,The Cache Collection
XM1014 | Zombie Offensive,The Dreams & Nightmares Collection
XM1014 | Blue Steel,The Lake Collection
XM1014 | Teclu Burner,The Revolver Case Collection
XM1014 | XOXO,The Snakebite Collection
XM1014 | Scumbria,The Shadow Collection
XM1014 | Quicksilver,The Chroma Collection
XM1014 | Ziggy,The Spectrum 2 Collection
XM1014 | Seasons,The Spectrum Collection
XM1014 | Red Leather,The Baggage Collection
XM1014 | Monster Melt,The Overpass 2024 Collection
XM1014 | Entombed,The Fracture Collection
XM1014 | Tranquility,The Vanguard Collection
XM1014 | Heaven Guard,The Huntsman Collection
XM1014 | Incinegator,The Prisma Collection
XM1014 | Oxide Blaze,The Clutch Collection
XM1014 | Hieroglyph,The Anubis Collection
XM1014 | Black Tie,The Chroma 3 Collection
XM1014 | Watchdog,The Operation Riptide Collection
XM1014 | Copperflage,The Boreal Collection
XM1014 | Halftone Shift,The Graphic Design Collection
XM1014 | Canvas Cloud,The Radiant Collection
XM1014 | Blaze Orange,The Militia Collection
XM1014 | Banana Leaf,The St. Marc Collection
XM1014 | Red Python,The eSports 2014 Summer Collection
XM1014 | VariCamo Blue,The Overpass Collection
XM1014 | CaliCamo,The Italy Collection
XM1014 | Slipstream,The Gamma 2 Collection
XM1014 | Gum Wall Camo,The Ascent Collection
XM1014 | Grassland,The Militia Collection
XM1014 | Jungle,The Alpha Collection
XM1014 | Blue Spruce,The Lake Collection
XM1014 | Solitude,Limited Edition Item
XM1014 | XoooM,The Harlequin Collection
XM1014 | Fallout Warning,The Nuke Collection
XM1014 | Urban Perforated,The Vertigo Collection
XM1014 | Blue Tire,The 2021 Vertigo Collection
XM1014 | Run Run Run,The Train 2025 Collection
XM1014 | Irezumi,The Kilowatt Collection
XM1014 | Mockingbird,The Fever Collection
